{"lastId":12,"useri":[{"id":0,"username":"admin","nume":"admin","email":"irina.ciocan@gmail.com","parola":"724d895f87823bf2ee377b3bc5fb894f","dataInreg":"2019-11-22T14:10:52.097Z","rol":"admin","materii":""},{"id":1,"username":"miaunel","nume":"Miau","email":"profprofprof007@gmail.com","parola":"8a3d84be3190b85bdf412ef7481cfebf","dataInreg":"2020-05-29T10:42:43.037Z","rol":"user","materii":"tehnici web"},{"id":2,"username":"Zeeba","nume":"Sebastian","email":"zeeba@gmail.com","parola":"8a3d84be3190b85bdf412ef7481cfebf","dataInreg":"2020-05-29T10:43:22.413Z","rol":"user","materii":"tehnici web, inteligenta artificiala"},{"id":3,"username":"mihaita_messi","nume":"mihaita","email":"mihaita@gmail.com","parola":"8a3d84be3190b85bdf412ef7481cfebf","dataInreg":"2020-05-29T10:43:43.390Z","rol":"user","materii":"tehnici web, poo"},{"id":4,"username":"gigel","nume":"gigel","email":"profprofprof007@gmail.com","parola":"8a3d84be3190b85bdf412ef7481cfebf","dataInreg":"2020-05-29T10:43:44.293Z","rol":"user","materii":"tehnici web, inteligenta artificiala"},{"id":5,"username":"calin","nume":"calin","email":"calinhirhui@gmail.com","parola":"8a3d84be3190b85bdf412ef7481cfebf","dataInreg":"2020-05-29T10:43:46.215Z","rol":"user","materii":"tehnici web, inteligenta artificiala"},{"id":6,"username":"Ricardo","nume":"Richard Simons","email":"richardricardo@gmail.com","parola":"47438a0e55d18d92df615bce09949db0","dataInreg":"2020-05-29T10:43:48.470Z","rol":"user","materii":"tehnici web, inteligenta artificiala, matematica simplificata"},{"id":7,"username":"op123","nume":"Sad Man","email":"asadman@gmail.com","parola":"a36aabd138a428c4ce1580728882908a","dataInreg":"2020-05-29T10:44:19.799Z","rol":"user","materii":"tehnici web, inteligenta artificiala"},{"id":8,"username":"XXXXXXXXX","nume":"WAWAWAWAW","email":"profprofprof007@gmail.com","parola":"1720c39ba8c162d13b3121871992ce90","dataInreg":"2020-05-29T10:44:33.979Z","rol":"user","materii":"tehnici web, inteligenta artificiala"},{"id":9,"username":"prof12345","nume":"Sever Examenescu","email":"profprofprof007@gmail.com","parola":"db9f8a8d8614d262e6837d270d1bc310","dataInreg":"2020-05-29T10:45:14.365Z","rol":"user","materii":"tehnici web, inteligenta artificiala"},{"id":10,"username":"prof1234","nume":"Sever Examenescu","email":"profprofprof007@gmail.com","parola":"8a3d84be3190b85bdf412ef7481cfebf","dataInreg":"2020-05-29T10:45:20.241Z","rol":"user","materii":"tehnici web, inteligenta artificiala"},{"id":11,"username":"1234","nume":"Sever Examenescu","email":"profprofprof007@gmail.com","parola":"8a3d84be3190b85bdf412ef7481cfebf","dataInreg":"2020-05-29T11:11:26.314Z","rol":"user","materii":"tehnici web, inteligenta artificiala"}]}